Workbook

Sheet Итог
B2: Калькулятор SkyLenta: влияние перехода с баннера на пуш-уведомления
B4: Входные параметры
B5: N — количество клиентов, для которого моделируется эффект | D5: 10000
B6: MDE — минимальная разница средних чеков, руб. | D6: 1000
B8: Результаты
B9: Прирост выручки, руб. | D9: =SUM('Положительные исходы'!N2:N18) -> 2636332
B10: Падение выручки, руб. | D10: =SUM('Отрицательные исходы'!N2:N4) -> -256137.44
B11: Баланс, руб. | D11: =D9+D10 -> 2380194.5
B12: Кол-во наблюдений (нейтральные точки) | D12: =SUM('Нейтральные исходы'!O2:O32) -> 3728.7045
B14: Легенда: жёлтые ячейки — параметры для редактирования (N и MDE). Остальные значения считаются автоматически по формулам со ссылками на листы "Положительные исходы", "Отрицательные исходы" и "Нейтральные исходы".

Sheet Положительные исходы
A1: Город | B1: ID торговой точки | C1: Кол-во наблюдений (тест) | D1: Кол-во наблюдений (контроль) | E1: Кол-во наблюдений (всего) | F1: Доля от всех наблюдений | G1: Средний платёж (тест) | H1: Средний платёж (контроль) | I1: Разница средних платежей | J1: Стд. отклонение (тест) | K1: Стд. отклонение (контроль) | L1: t-статистика | M1: p-value (t-тест) | N1: Прирост выручки, руб.
A2: Казань | B2: 991 | C2: 270 | D2: 294 | E2: 564 | F2: 0.012445386 | G2: 3249.2815 | H2: 2452.9864 | I2: 796.29509 | J2: 4719.5926 | K2: 3633.9359 | L2: 2.2308162 | M2: 0.026132234 | N2: =I2*Итог!$D$5*F2 -> 99101.997
A3: Санкт-Петербург | B3: 453 | C3: 1066 | D3: 1049 | E3: 2115 | F3: 0.046670197 | G3: 2501.9662 | H3: 1889.9237 | I3: 612.04249 | J3: 2993.4425 | K3: 2648.6593 | L3: 4.9817858 | M3: 6.817398e-07 | N3: =I3*Итог!$D$5*F3 -> 285641.44
A4: Санкт-Петербург | B4: 801 | C4: 225 | D4: 212 | E4: 437 | F4: 0.0096429675 | G4: 2925.1422 | H4: 2352.283 | I4: 572.8592 | J4: 2774.2921 | K4: 2928.2858 | L4: 2.0966141 | M4: 0.036612172 | N4: =I4*Итог!$D$5*F4 -> 55240.627
A5: Санкт-Петербург | B5: 573 | C5: 177 | D5: 160 | E5: 337 | F5: 0.0074363388 | G5: 2929.0452 | H5: 1641.2125 | I5: 1287.8327 | J5: 3201.0981 | K5: 2619.0448 | L5: 4.0570154 | M5: 6.2017129e-05 | N5: =I5*Итог!$D$5*F5 -> 95767.602
A6: Санкт-Петербург | B6: 900 | C6: 335 | D6: 341 | E6: 676 | F6: 0.01491681 | G6: 2450.991 | H6: 1689.7918 | I6: 761.19926 | J6: 2865.6074 | K6: 2492.4726 | L6: 3.6823738 | M6: 0.00025003859 | N6: =I6*Итог!$D$5*F6 -> 113546.65
A7: Санкт-Петербург | B7: 117 | C7: 625 | D7: 587 | E7: 1212 | F7: 0.02674434 | G7: 2582.2976 | H7: 2050.6917 | I7: 531.60595 | J7: 2835.0045 | K7: 2595.7378 | L7: 3.4075863 | M7: 0.00067695551 | N7: =I7*Итог!$D$5*F7 -> 142174.5
A8: Санкт-Петербург | B8: 213 | C8: 232 | D8: 255 | E8: 487 | F8: 0.010746282 | G8: 2977.6293 | H8: 2277.6118 | I8: 700.01755 | J8: 2905.4944 | K8: 2710.0434 | L8: 2.7417157 | M8: 0.0063438837 | N8: =I8*Итог!$D$5*F8 -> 75225.858
A9: Санкт-Петербург | B9: 891 | C9: 159 | D9: 167 | E9: 326 | F9: 0.0071936096 | G9: 2618.9497 | H9: 1980.6587 | I9: 638.291 | J9: 2899.7825 | K9: 2489.5719 | L9: 2.1276517 | M9: 0.034150994 | N9: =I9*Итог!$D$5*F9 -> 45916.163
A10: Москва | B10: 2652 | C10: 2273 | D10: 2370 | E10: 4643 | F10: 0.10245377 | G10: 2506.6168 | H10: 1972.8477 | I10: 533.76913 | J10: 2842.1829 | K10: 2565.8782 | L10: 6.707929 | M10: 2.215658e-11 | N10: =I10*Итог!$D$5*F10 -> 546866.6
A11: Москва | B11: 1287 | C11: 370 | D11: 357 | E11: 727 | F11: 0.016042191 | G11: 2128.5568 | H11: 1394.6555 | I11: 733.90129 | J11: 2437.3765 | K11: 2338.4618 | L11: 4.143368 | M11: 3.8262008e-05 | N11: =I11*Итог!$D$5*F11 -> 117733.85
A12: Москва | B12: 1654 | C12: 799 | D12: 775 | E12: 1574 | F12: 0.034732336 | G12: 3132.3016 | H12: 2507.8865 | I12: 624.41518 | J12: 3199.6602 | K12: 2950.5129 | L12: 4.0267058 | M12: 5.926605e-05 | N12: =I12*Итог!$D$5*F12 -> 216873.98
A13: Москва | B13: 1002 | C13: 138 | D13: 188 | E13: 326 | F13: 0.0071936096 | G13: 4121.7536 | H13: 1844.7872 | I13: 2276.9664 | J13: 4084.2632 | K13: 2436.5361 | L13: 5.8315445 | M13: 2.0811215e-08 | N13: =I13*Итог!$D$5*F13 -> 163796.07
... A18: Самара | B18: 36 | C18: 131 | D18: 141 | E18: 272 | F18: 0.0060020301 | G18: 1987.3282 | H18: 860.41844 | I18: 1126.9098 | J18: 2718.5027 | K18: 1840.8266 | L18: 3.9731408 | M18: 9.5383698e-05 | N18: =I18*Итог!$D$5*F18 -> 67637.466

Sheet Отрицательные исходы
A1: Город | B1: ID торговой точки | C1: Кол-во наблюдений (тест) | D1: Кол-во наблюдений (контроль) | E1: Кол-во наблюдений (всего) | F1: Доля от всех наблюдений | G1: Средний платёж (тест) | H1: Средний платёж (контроль) | I1: Разница средних платежей | J1: Стд. отклонение (тест) | K1: Стд. отклонение (контроль) | L1: t-статистика | M1: p-value (t-тест) | N1: Падение выручки, руб.
A2: Москва | B2: 9931 | C2: 153 | D2: 137 | E2: 290 | F2: 0.0063992233 | G2: 1415.7843 | H2: 1968.6934 | I2: -552.90912 | J2: 2038.1642 | K2: 2403.3979 | L2: -2.100116 | M2: 0.036653069 | N2: =I2*Итог!$D$5*F2 -> -35381.889
A3: Волгоград | B3: 66 | C3: 657 | D3: 703 | E3: 1360 | F3: 0.03001015 | G3: 2288.8706 | H3: 2601.761 | I3: -312.8904 | J3: 2682.5676 | K3: 2830.1938 | L3: -2.0930602 | M3: 0.036528982 | N3: =I3*Итог!$D$5*F3 -> -93898.88
A4: Краснодар | B4: 1101 | C4: 785 | D4: 869 | E4: 1654 | F4: 0.036497639 | G4: 2176.0038 | H4: 2523.5788 | I4: -347.575 | J4: 2722.6245 | K4: 2960.3523 | L4: -2.4872701 | M4: 0.012970822 | N4: =I4*Итог!$D$5*F4 -> -126856.67

Sheet Нейтральные исходы
A1: Город | B1: ID торговой точки | C1: Кол-во наблюдений (тест) | D1: Кол-во наблюдений (контроль) | E1: Кол-во наблюдений (всего) | F1: Доля от всех наблюдений | G1: Средний платёж (тест) | H1: Средний платёж (контроль) | I1: Разница средних платежей | J1: Стд. отклонение (тест) | K1: Стд. отклонение (контроль) | L1: t-статистика | M1: p-value (t-тест) | N1: Мин. сигма | O1: Необходимо наблюдений
A2: Красноярск | B2: 212 | C2: 593 | D2: 575 | E2: 1168 | F2: 0.025773423 | G2: 2144.317 | H2: 2222.0522 | I2: -77.735142 | J2: 2708.5887 | K2: 2785.1163 | L2: -0.48337766 | M2: 0.62891867 | N2: =MIN(J2,K2) -> 2708.5887 | O2: =2*((1.959964+0.841621)^2)*N2^2/Итог!$D$6^2 -> 115.16585
A3: Красноярск | B3: 278 | C3: 535 | D3: 489 | E3: 1024 | F3: 0.022595878 | G3: 2499.3458 | H3: 2185.2147 | I3: 314.13107 | J3: 2915.9953 | K3: 2574.9156 | L3: 1.8304259 | M3: 0.067477716 | N3: =MIN(J3,K3) -> 2574.9156 | O3: =2*((1.959964+0.841621)^2)*N3^2/Итог!$D$6^2 -> 104.07912
A4: Красноярск | B4: 202 | C4: 551 | D4: 565 | E4: 1116 | F4: 0.024625976 | G4: 2927.3412 | H4: 2730.3788 | I4: 196.96244 | J4: 2956.6862 | K4: 2737.8858 | L4: 1.1539606 | M4: 0.24876639 | N4: =MIN(J4,K4) -> 2737.8858 | O4: =2*((1.959964+0.841621)^2)*N4^2/Итог!$D$6^2 -> 117.67068
A5: Красноярск | B5: 444 | C5: 650 | D5: 562 | E5: 1212 | F5: 0.02674434 | G5: 2404.1062 | H5: 2545.7349 | I5: -141.62872 | J5: 2810.8285 | K5: 2797.1388 | L5: -0.87705147 | M5: 0.38063623 | N5: =MIN(J5,K5) -> 2797.1388 | O5: =2*((1.959964+0.841621)^2)*N5^2/Итог!$D$6^2 -> 122.81902
A6: Красноярск | B6: 277 | C6: 708 | D6: 709 | E6: 1417 | F6: 0.031267929 | G6: 2285.75 | H6: 2431.3653 | I6: -145.6153 | J6: 2712.6779 | K6: 2868.5876 | L6: -0.98174417 | M6: 0.32639422 | N6: =MIN(J6,K6) -> 2712.6779 | O6: =2*((1.959964+0.841621)^2)*N6^2/Итог!$D$6^2 -> 115.51385
A7: Мурманск | B7: 54 | C7: 633 | D7: 640 | E7: 1273 | F7: 0.028090384 | G7: 1702.7141 | H7: 1688.5125 | I7: 14.20156 | J7: 2565.1324 | K7: 2628.0125 | L7: 0.097568657 | M7: 0.9222902 | N7: =MIN(J7,K7) -> 2565.1324 | O7: =2*((1.959964+0.841621)^2)*N7^2/Итог!$D$6^2 -> 103.28974
A8: Мурманск | B8: 55 | C8: 422 | D8: 425 | E8: 847 | F8: 0.018690145 | G8: 2109.1066 | H8: 2111.2729 | I8: -2.1663061 | J8: 2790.9934 | K8: 2804.2232 | L8: -0.011267935 | M8: 0.99101234 | N8: =MIN(J8,K8) -> 2790.9934 | O8: =2*((1.959964+0.841621)^2)*N8^2/Итог!$D$6^2 -> 122.27994
A9: Казань | B9: 699 | C9: 482 | D9: 494 | E9: 976 | F9: 0.021536696 | G9: 2422.2863 | H9: 2574.3522 | I9: -152.06592 | J9: 3906.8179 | K9: 4082.8514 | L9: -0.59457605 | M9: 0.55226503 | N9: =MIN(J9,K9) -> 3906.8179 | O9: =2*((1.959964+0.841621)^2)*N9^2/Итог!$D$6^2 -> 239.59841
A10: Казань | B10: 477 | C10: 382 | D10: 386 | E10: 768 | F10: 0.016946909 | G10: 2259.623 | H10: 2496.987 | I10: -237.36401 | J10: 3482.8461 | K10: 3881.9947 | L10: -0.89209603 | M10: 0.37262428 | N10: =MIN(J10,K10) -> 3482.8461 | O10: =2*((1.959964+0.841621)^2)*N10^2/Итог!$D$6^2 -> 190.4172
A11: Казань | B11: 544 | C11: 377 | D11: 416 | E11: 793 | F11: 0.017498566 | G11: 2621.4271 | H11: 2635.5481 | I11: -14.121021 | J11: 3714.8948 | K11: 4639.8207 | L11: -0.047506013 | M11: 0.96212211 | N11: =MIN(J11,K11) -> 3714.8948 | O11: =2*((1.959964+0.841621)^2)*N11^2/Итог!$D$6^2 -> 216.636
A12: Казань | B12: 516 | C12: 634 | D12: 636 | E12: 1270 | F12: 0.028024185 | G12: 3237.2003 | H12: 2880.4843 | I12: 356.71604 | J12: 4537.1038 | K12: 3819.2928 | L12: 1.51548 | M12: 0.12990764 | N12: =MIN(J12,K12) -> 3819.2928 | O12: =2*((1.959964+0.841621)^2)*N12^2/Итог!$D$6^2 -> 228.98314
A13: Казань | B13: 439 | C13: 355 | D13: 351 | E13: 706 | F13: 0.015578799 | G13: 2481.9606 | H13: 2400.6353 | I13: 81.325236 | J13: 4040.441 | K13: 3722.1171 | L13: 0.27819656 | M13: 0.78094357 | N13: =MIN(J13,K13) -> 3722.1171 | O13: =2*((1.959964+0.841621)^2)*N13^2/Итог!$D$6^2 -> 217.47917
... A32: Дмитров | B32: 2 | C32: 78 | D32: 71 | E32: 149 | F32: 0.0032878768 | G32: 579.33333 | H32: 483.4507 | I32: 95.882629 | J32: 1860.7624 | K32: 1654.9232 | L32: 0.33288476 | M32: 0.73969579 | N32: =MIN(J32,K32) -> 1654.9232 | O32: =2*((1.959964+0.841621)^2)*N32^2/Итог!$D$6^2 -> 42.992558
